City_ID,City,Country,Lat,Lng,Max Temp,Humidity,Cloudiness,Wind Speed,Current Description
0,Coihaique,CL,-45.5752,-72.0662,54.21,76,100,1.14,overcast clouds
1,Rikitea,PF,-23.1203,-134.9692,80.64,74,26,10.22,light rain
2,Iqaluit,CA,63.7506,-68.5145,-20.31,75,0,2.3,clear sky
3,Kodiak,US,57.79,-152.4072,36.91,81,100,10.36,light rain
4,Mount Gambier,AU,-37.8333,140.7667,69.71,60,100,13.8,overcast clouds
5,La Baule-Escoublac,FR,47.2922,-2.364,48.7,85,99,5.75,overcast clouds
6,Hermanus,ZA,-34.4187,19.2345,70.81,89,31,9.51,scattered clouds
7,Albany,US,42.6001,-73.9662,53.22,92,61,7.05,broken clouds
8,Kemin,KG,42.7846,75.6892,31.51,91,100,2.86,light snow
9,Avarua,CK,-21.2078,-159.775,82.45,74,49,2.3,scattered clouds
10,Sawtell,AU,-30.3833,153.1,79.18,50,75,13.8,broken clouds
11,Port Alfred,ZA,-33.5906,26.891,70.61,86,16,3.98,light rain
12,Kahului,US,20.8947,-156.47,82.42,66,20,6.91,few clouds
13,Saldanha,ZA,-33.0117,17.9442,66.25,86,32,8.43,scattered clouds
14,General Roca,AR,-39.0333,-67.5833,63.63,39,100,18.88,overcast clouds
15,Ponta Do Sol,PT,32.6667,-17.1,59.05,78,49,14.85,scattered clouds
16,Cidreira,BR,-30.1811,-50.2056,65.62,84,40,7.05,scattered clouds
17,Batagay-Alyta,RU,67.8006,130.4114,1.42,72,8,5.23,clear sky
18,Hobart,AU,-42.8794,147.3294,70.27,61,75,5.75,broken clouds
19,Tuatapere,NZ,-46.1333,167.6833,66.6,55,36,5.37,scattered clouds
20,Ulaanbaatar,MN,47.9077,106.8832,17.73,41,0,6.71,clear sky
21,Punta Arenas,CL,-53.15,-70.9167,48.31,71,0,11.5,clear sky
22,Puerto Ayora,EC,-0.7393,-90.3518,78.33,81,25,4.38,scattered clouds
23,Houma,US,29.5958,-90.7195,57.99,59,0,8.05,clear sky
24,Sao Filipe,CV,14.8961,-24.4956,69.51,68,6,13.94,clear sky
25,Ushuaia,AR,-54.8,-68.3,38.14,87,100,11.07,overcast clouds
26,Bluff,NZ,-46.6,168.3333,67.8,73,56,16.84,broken clouds
27,Yellowknife,CA,62.456,-114.3525,18.12,100,100,9.22,light snow
28,San Patricio,US,28.017,-97.5169,64.24,59,0,7.05,clear sky
29,Buala,SB,-8.145,159.5921,83.5,77,62,5.32,light rain
30,Hami,CN,42.8,93.45,44.44,26,100,1.48,overcast clouds
31,Longyearbyen,SJ,78.2186,15.6401,19.24,68,20,19.57,few clouds
32,Dubbo,AU,-32.25,148.6167,84.33,37,0,9.22,clear sky
33,Mataura,NZ,-46.1927,168.8643,67.48,45,37,4.18,scattered clouds
34,Busselton,AU,-33.65,115.3333,78.8,50,100,7.38,overcast clouds
35,Hithadhoo,MV,-0.6,73.0833,83.26,73,100,16.42,overcast clouds
36,Santa Luzia,BR,-19.7697,-43.8514,74.3,73,0,4.61,clear sky
37,Saskylakh,RU,71.9167,114.0833,8.78,93,100,2.33,overcast clouds
38,Fairborn,US,39.8209,-84.0194,41.45,92,100,16.11,light rain
39,Severo-Kurilsk,RU,50.6789,156.125,32.27,98,100,33.26,snow
40,Faanui,PF,-16.4833,-151.75,82.72,74,23,15.86,light rain
41,Egvekinot,RU,66.3167,-179.1667,-13.2,93,9,1.88,clear sky
42,Kudahuvadhoo,MV,2.6708,72.8944,82.45,75,72,16.64,broken clouds
43,Jamestown,US,42.097,-79.2353,46.02,67,100,13.0,overcast clouds
44,Erzin,TR,36.9559,36.2,31.98,43,0,5.28,clear sky
45,Torbay,CA,47.6666,-52.7314,25.57,74,0,5.75,clear sky
46,Grand Gaube,MU,-20.0064,57.6608,83.37,83,31,3.29,scattered clouds
47,Shetpe,KZ,44.1667,52.1167,25.47,51,0,11.54,clear sky
48,Muros,ES,42.7762,-9.0603,53.83,81,100,6.89,overcast clouds
49,Dikson,RU,73.5069,80.5464,6.37,97,100,2.39,overcast clouds
50,Melfi,IT,40.9965,15.6514,35.49,90,48,0.94,scattered clouds
51,Talnakh,RU,69.4865,88.3972,18.21,94,100,10.56,light snow
52,Butaritari,KI,3.0707,172.7902,80.64,82,32,17.25,light rain
53,Manggar,ID,-2.8833,108.2667,81.55,78,100,3.85,overcast clouds
54,Provideniya,RU,64.3833,-173.3,7.93,79,0,2.26,clear sky
55,Yanji,CN,42.9075,129.5078,35.04,39,96,9.35,overcast clouds
56,Georgetown,MY,5.4112,100.3354,89.53,74,20,5.75,few clouds
57,San Rafael Del Sur,NI,11.8485,-86.4384,81.57,62,80,14.72,broken clouds
58,Khatanga,RU,71.9667,102.5,11.14,95,99,7.78,overcast clouds
59,Sitka,US,57.0531,-135.33,39.09,70,75,8.05,light rain
60,Goderich,CA,43.7501,-81.7165,35.91,100,100,6.91,moderate rain
61,Fortuna,US,40.5982,-124.1573,47.66,77,75,14.97,broken clouds
62,Atuona,PF,-9.8,-139.0333,78.78,78,11,12.39,light rain
63,Vardo,NO,70.3705,31.1107,34.56,69,77,30.13,broken clouds
64,Marawi,PH,7.9986,124.2928,80.56,68,99,5.61,overcast clouds
65,Codrington,AU,-38.2667,141.9667,68.77,66,99,10.07,overcast clouds
66,Dossor,KZ,47.5272,52.9811,21.88,81,87,5.37,overcast clouds
67,Karratha,AU,-20.7377,116.8463,95.07,39,24,5.53,light rain
68,Caravelas,BR,-17.7125,-39.2481,73.58,90,0,2.48,clear sky
69,Camana,PE,-16.6228,-72.7111,70.84,84,98,7.05,overcast clouds
70,Bethel,US,41.3712,-73.414,58.01,92,100,4.61,moderate rain
71,Tamandare,BR,-8.7597,-35.1047,77.74,83,8,4.92,clear sky
72,Yertsevo,RU,60.7966,40.086,28.65,95,53,8.32,broken clouds
73,Coolum Beach,AU,-26.5333,153.1,80.11,72,83,1.01,broken clouds
74,Kismayo,SO,-0.3582,42.5454,78.93,78,24,12.21,few clouds
75,Dawlatabad,AF,36.4141,64.9053,43.29,44,3,4.03,clear sky
76,Port Keats,AU,-14.25,129.55,91.94,53,88,6.04,overcast clouds
77,Bayan,CN,46.0833,127.4,26.13,71,74,5.66,broken clouds
78,Katsuura,JP,35.1333,140.3,52.16,52,83,9.4,broken clouds
79,Leh,IN,34.1667,77.5833,26.38,75,29,4.18,scattered clouds
80,Omboue,GA,-1.5746,9.2618,77.47,88,83,5.75,light rain
81,Roma,US,43.2128,-75.4557,52.72,94,100,6.91,overcast clouds
82,Birjand,IR,32.8663,59.2211,41.47,26,0,6.91,clear sky
83,Norman Wells,CA,65.282,-126.8329,-0.36,78,100,10.36,light snow
84,Qaanaaq,GL,77.484,-69.3632,-7.98,94,100,6.82,overcast clouds
85,Dawei,MM,14.0833,98.2,82.96,73,100,3.42,overcast clouds
86,Lebu,CL,-37.6167,-73.65,54.27,72,100,6.44,overcast clouds
87,East London,ZA,-33.0153,27.9116,65.34,94,0,4.61,clear sky
88,Tasiilaq,GL,65.6145,-37.6368,15.96,70,13,8.03,few clouds
89,Promyshlennyy,RU,67.5833,63.9167,22.41,96,100,8.21,light snow
90,Kachiry,KZ,53.0675,76.1036,6.48,90,69,9.62,broken clouds
91,Kenai,US,60.5544,-151.2583,44.69,65,0,11.5,clear sky
92,Port Blair,IN,11.6667,92.75,80.64,83,75,4.61,heavy intensity rain
93,Cape Town,ZA,-33.9258,18.4232,68.41,85,0,13.8,clear sky
94,Almaznyy,RU,48.0448,40.045,22.73,77,40,9.95,scattered clouds
95,Severnyy,RU,50.677,36.5532,15.84,73,0,0.0,clear sky
96,Evensk,RU,61.95,159.2333,20.23,83,52,6.58,broken clouds
97,Bengkulu,ID,-3.8004,102.2655,83.89,64,97,4.68,overcast clouds
98,Airai,TL,-8.9266,125.4092,76.93,51,60,0.76,broken clouds
99,La Romana,DO,18.4273,-68.9728,75.56,94,40,10.36,scattered clouds
100,Paamiut,GL,61.994,-49.6678,-0.02,93,87,7.07,overcast clouds
101,Port Elizabeth,ZA,-33.918,25.5701,69.31,99,100,1.99,overcast clouds
102,Castro,BR,-24.7911,-50.0119,62.82,95,99,7.02,overcast clouds
103,Nemuro,JP,43.3236,145.575,30.88,79,78,22.57,broken clouds
104,The Valley,AI,18.217,-63.0578,78.1,73,75,13.8,broken clouds
105,Vaini,TO,-21.2,-175.2,82.56,83,100,10.36,overcast clouds
106,Bara,NG,10.3744,10.7288,72.5,12,88,6.87,overcast clouds
107,Phangnga,TH,8.4509,98.5298,86.04,64,100,3.06,overcast clouds
108,Lakatoro,VU,-16.0999,167.4164,83.93,75,88,8.1,overcast clouds
109,Chuy,UY,-33.6971,-53.4616,55.0,69,36,5.57,scattered clouds
110,Mahebourg,MU,-20.4081,57.7,83.25,94,40,3.44,scattered clouds
111,Chernogorsk,RU,53.8236,91.2842,26.17,46,0,6.71,clear sky
112,Ribeira Grande,PT,38.5167,-28.7,58.03,70,97,23.38,overcast clouds
113,Tiksi,RU,71.6872,128.8694,10.51,77,100,24.79,overcast clouds
114,Xingyi,CN,24.1877,102.817,77.43,21,78,16.49,broken clouds
115,Gazli,UZ,40.1333,63.45,38.37,50,38,19.06,scattered clouds
116,Saint-Philippe,RE,-21.3585,55.7679,77.11,90,88,12.17,moderate rain
117,Pajapan,MX,18.25,-94.7,69.67,93,40,9.84,scattered clouds
118,Bredasdorp,ZA,-34.5322,20.0403,69.17,84,59,8.95,broken clouds
119,Fuyu,CN,45.1833,124.8167,34.48,35,9,9.46,clear sky
120,Victoria,HK,22.2855,114.1577,72.97,89,97,18.01,overcast clouds
121,Kedougou,SN,12.5579,-12.1743,90.18,22,0,4.61,clear sky
122,Baiyin,CN,36.5583,104.2081,47.55,29,26,6.69,scattered clouds
123,Maxixe,MZ,-23.8597,35.3472,73.13,61,98,7.45,overcast clouds
124,Barrow,US,71.2906,-156.7887,-9.38,70,0,9.22,clear sky
125,Carnarvon,AU,-24.8667,113.6333,84.27,65,75,14.97,broken clouds
126,Guerrero Negro,MX,27.9769,-114.0611,59.97,84,0,15.01,clear sky
127,Thunder Bay,CA,48.4001,-89.3168,30.29,80,0,3.44,clear sky
128,Kaitangata,NZ,-46.2817,169.8464,62.04,68,56,11.39,broken clouds
129,Mar Del Plata,AR,-38.0023,-57.5575,55.87,66,0,8.05,clear sky
130,Broome,US,42.2506,-75.833,52.86,74,20,10.36,few clouds
131,Morant Bay,JM,17.8815,-76.4093,78.42,81,89,10.38,overcast clouds
132,Port-Gentil,GA,-0.7193,8.7815,81.09,78,71,12.24,light rain
133,Amethi,IN,26.15,81.8167,92.68,17,2,1.7,clear sky
134,Ambon,ID,-3.6954,128.1814,84.34,79,40,5.75,scattered clouds
135,Havre-Saint-Pierre,CA,50.2334,-63.5986,24.8,79,75,16.11,broken clouds
136,New Norfolk,AU,-42.7826,147.0587,69.93,52,100,3.94,overcast clouds
137,Bathsheba,BB,13.2167,-59.5167,77.61,78,20,19.57,few clouds
138,Lavrentiya,RU,65.5833,-171.0,-1.57,78,0,1.95,clear sky
139,Husavik,IS,66.0449,-17.3389,45.52,70,100,32.37,overcast clouds
140,Baicheng,CN,45.6167,122.8167,35.49,30,71,5.55,broken clouds
141,Fort Nelson,CA,58.8053,-122.7002,33.39,60,75,2.3,broken clouds
142,Lata,PT,40.1629,-8.3327,59.07,61,100,9.19,overcast clouds
143,Hilo,US,19.7297,-155.09,76.73,84,75,12.66,broken clouds
144,Gat,IL,31.61,34.7642,47.8,100,100,5.91,overcast clouds
145,Luena,AO,-11.7833,19.9167,60.98,97,100,2.77,overcast clouds
146,Mozarlandia,BR,-14.7447,-50.5706,73.63,85,95,1.72,overcast clouds
147,Ust-Kuyga,RU,70.0167,135.6,-3.95,87,30,8.23,scattered clouds
148,Campbell River,CA,50.0163,-125.2446,42.33,81,40,3.44,scattered clouds
149,Sechura,PE,-5.5569,-80.8222,73.24,73,100,9.86,overcast clouds
150,Saint Stephen,GB,50.3333,-4.9,48.47,76,97,20.71,overcast clouds
151,Rumoi,JP,43.9344,141.6428,33.57,69,100,12.97,light snow
152,Sola,VU,-13.8833,167.55,83.07,79,100,0.0,light intensity shower rain
153,Leningradskiy,RU,69.3833,178.4167,-3.26,83,28,1.63,scattered clouds
154,Upernavik,GL,72.7868,-56.1549,-5.13,97,100,9.06,overcast clouds
155,Ancud,CL,-41.8697,-73.8203,56.23,71,100,4.32,overcast clouds
156,Kalabo,ZM,-14.97,22.6814,64.53,98,68,4.83,broken clouds
157,Pangnirtung,CA,66.1451,-65.7125,-22.14,77,13,6.29,few clouds
158,Kruisfontein,ZA,-34.0033,24.7314,65.88,97,53,2.44,broken clouds
159,Riviere-Du-Loup,CA,47.8304,-69.5342,31.08,93,100,2.3,overcast clouds
160,Wuchi,CN,29.3786,103.023,57.76,86,77,5.7,broken clouds
161,Lagoa,PT,39.05,-27.9833,57.02,66,98,23.0,overcast clouds
162,Buraydah,SA,26.326,43.975,59.45,22,0,9.98,clear sky
163,Umm Lajj,SA,25.0213,37.2685,66.25,60,58,10.98,broken clouds
164,Iralaya,HN,15.0,-83.2333,78.3,82,96,13.62,overcast clouds
165,Andenes,NO,69.3143,16.1194,44.58,81,100,29.93,overcast clouds
166,Bambous Virieux,MU,-20.3428,57.7575,83.21,94,40,3.44,scattered clouds
167,Kathu,TH,7.9178,98.3332,85.82,93,100,7.83,overcast clouds
168,Tarabuco,BO,-19.1667,-64.9167,43.97,94,73,3.22,broken clouds
169,Laguna,US,38.421,-121.4238,57.49,79,100,8.05,overcast clouds
170,Faya,SA,18.3851,42.4509,57.31,63,1,3.96,clear sky
171,Nikolskoye,RU,59.7035,30.7861,34.88,86,0,8.7,clear sky
172,Tuktoyaktuk,CA,69.4541,-133.0374,-16.6,76,75,6.91,broken clouds
173,Samsun,TR,41.25,36.3333,34.0,88,75,10.36,light shower snow
174,Klaksvik,FO,62.2266,-6.589,47.32,79,17,28.66,few clouds
175,Ugoofaaru,MV,5.6667,73.0,83.52,71,9,14.32,clear sky
176,Bell Ville,AR,-32.6259,-62.6887,57.67,68,75,6.73,broken clouds
177,Sisimiut,GL,66.9395,-53.6735,-12.32,93,95,6.31,overcast clouds
178,Coxim,BR,-18.5067,-54.76,74.77,92,100,2.24,overcast clouds
179,Mangrol,IN,21.1167,70.1167,81.48,60,1,13.8,clear sky
180,Thompson,CA,55.7435,-97.8558,23.16,63,75,4.61,broken clouds
181,Princeton,US,25.5384,-80.4089,78.03,89,0,5.75,clear sky
182,Breves,BR,-1.6822,-50.4803,73.09,98,100,3.27,overcast clouds
183,Avera,US,33.194,-82.5271,60.31,64,97,14.05,overcast clouds
184,Consett,GB,54.854,-1.8316,40.23,90,8,6.35,clear sky
185,Tambura,SS,5.6,27.4667,76.8,32,86,3.56,overcast clouds
186,Bruck An Der Leitha,AT,48.0167,16.7667,39.67,44,0,10.36,clear sky
187,Chokurdakh,RU,70.6333,147.9167,0.19,90,100,6.31,overcast clouds
188,Solnechnyy,RU,50.7214,136.6319,24.19,85,97,5.21,light snow
189,Larsnes,NO,62.2028,5.5773,45.68,60,55,7.27,broken clouds
190,Nabire,ID,-3.3667,135.4833,86.43,66,95,5.57,overcast clouds
191,Salalah,OM,17.0151,54.0924,80.69,7,0,6.91,clear sky
192,Sioux Lookout,CA,50.1001,-91.917,32.07,86,75,0.0,broken clouds
193,Hofn,IS,64.2539,-15.2082,45.73,92,100,30.74,light rain
194,Marabba,SD,12.35,32.1833,75.31,16,7,9.06,clear sky
195,Sibolga,ID,1.7427,98.7792,85.1,65,100,2.71,overcast clouds
196,Kapaa,US,22.0752,-159.319,80.58,76,75,9.22,broken clouds
197,Lucea,JM,18.451,-78.1736,76.86,78,74,4.54,broken clouds
198,Clarksburg,US,39.2807,-80.3445,49.41,67,100,16.11,overcast clouds
199,Harper,LR,4.375,-7.7169,78.3,89,56,5.14,light rain
200,Kabare,CD,-2.4683,28.8242,59.54,94,100,1.48,overcast clouds
201,Juneau,US,58.3019,-134.4197,39.2,100,75,0.0,broken clouds
202,Saint-Leu,RE,-21.15,55.2833,76.57,88,98,14.05,moderate rain
203,Seoul,KR,37.5683,126.9778,46.0,55,40,11.5,scattered clouds
204,Oksfjord,NO,70.2396,22.3479,34.0,99,100,7.52,light snow
205,Barcelos,PT,41.5388,-8.6151,57.92,65,100,4.7,overcast clouds
206,Toamasina,MG,-18.1667,49.3833,73.4,100,75,5.75,moderate rain
207,Mamallapuram,IN,12.6264,80.1722,86.05,66,73,10.65,broken clouds
208,Aklavik,CA,68.2191,-135.0107,-13.11,95,100,5.44,overcast clouds
209,Olafsvik,IS,64.8945,-23.7142,33.28,97,100,9.75,light snow
210,Arraial Do Cabo,BR,-22.9661,-42.0278,76.3,89,28,16.82,scattered clouds
211,Dicabisagan,PH,17.0818,122.4157,84.97,71,46,5.64,scattered clouds
212,Clinton,US,42.587,-82.9199,41.9,90,100,10.0,overcast clouds
213,Cherskiy,RU,68.75,161.3,16.09,83,13,9.64,few clouds
214,Raudeberg,NO,61.9875,5.1352,44.87,47,24,16.06,few clouds
215,Lokosovo,RU,61.1333,74.8167,30.11,97,100,12.91,light snow
216,Dhidhdhoo,MV,6.8833,73.1,83.3,69,2,14.7,clear sky
217,Catuday,PH,16.2923,119.8062,83.64,69,60,4.23,broken clouds
218,Ilulissat,GL,69.2167,-51.1,-0.38,71,75,3.44,broken clouds
219,Inirida,CO,3.8653,-67.9239,72.66,93,100,1.39,overcast clouds
220,Yarim,YE,14.298,44.3779,54.72,55,0,2.66,clear sky
221,Cabo San Lucas,MX,22.8909,-109.9124,74.52,60,52,9.64,broken clouds
222,San Cristobal,VE,7.7669,-72.225,71.78,83,69,2.08,broken clouds
223,Naze,JP,28.3667,129.4833,65.32,58,40,5.28,scattered clouds
224,Mangan,IN,27.5167,88.5333,75.0,46,92,4.05,overcast clouds
225,Kangaba,ML,11.9333,-8.4167,81.18,43,60,3.04,broken clouds
226,Tighnabruaich,GB,55.9016,-5.2398,39.88,58,0,14.52,clear sky
227,Lompoc,US,34.6391,-120.4579,57.02,88,100,15.99,overcast clouds
228,Santa Lucia,ES,27.9117,-15.5407,54.72,59,75,14.97,broken clouds
229,Bakel,SN,14.905,-12.4568,79.5,17,15,9.17,few clouds
230,Bandarbeyla,SO,9.4942,50.8122,77.85,69,5,7.67,clear sky
231,Mhlume,SZ,-26.0333,31.85,64.24,93,76,1.88,broken clouds
232,Port Hedland,AU,-20.3167,118.5667,100.45,32,43,5.75,scattered clouds
233,Vila,PT,42.0304,-8.1588,50.88,72,99,3.85,overcast clouds
234,Palauig,PH,15.435,119.9045,86.25,69,73,8.12,broken clouds
235,Berezovka,BY,53.7214,25.4993,31.03,73,1,3.27,clear sky
236,Chaman,PK,30.9236,66.4512,62.11,21,0,2.1,clear sky
237,Griffith,US,41.5284,-87.4237,40.24,95,100,3.44,mist
238,Berlevag,NO,70.8578,29.0864,34.61,70,98,31.27,overcast clouds
239,Fairbanks,US,64.8378,-147.7164,21.6,62,75,5.75,broken clouds
240,Vila Velha,BR,-20.3297,-40.2925,76.95,92,0,3.44,clear sky
241,Port Hardy,CA,50.6996,-127.4199,41.0,93,75,2.3,light intensity shower rain
242,Isangel,VU,-19.55,169.2667,87.91,74,100,5.75,overcast clouds
243,Vila Franca Do Campo,PT,37.7167,-25.4333,55.81,69,73,6.17,broken clouds
244,Maringa,BR,-23.4253,-51.9386,75.07,88,20,2.3,few clouds
245,Hibbing,US,47.4272,-92.9377,29.8,59,0,3.44,clear sky
246,Noumea,NC,-22.2763,166.4572,86.0,99,100,11.86,overcast clouds
247,Bud,US,39.447,-86.1758,43.41,94,100,10.25,light rain
248,East Foothills,US,37.3811,-121.8175,53.42,84,100,14.97,overcast clouds
249,Wuan,CN,31.6836,112.0044,35.29,99,100,10.29,snow
250,Vostok,RU,46.4856,135.8833,23.41,71,100,7.65,overcast clouds
251,Pindushi,RU,62.9152,34.58,34.41,90,7,9.24,clear sky
252,High Level,CA,58.5169,-117.136,37.51,60,20,5.75,few clouds
253,Kundiawa,PG,-6.0167,144.9667,75.87,71,71,1.81,broken clouds
254,Ushtobe,KZ,45.2514,77.9838,34.72,55,100,2.21,overcast clouds
255,Great Yarmouth,GB,52.6083,1.7305,44.02,81,0,16.33,clear sky
256,Ketchikan,US,55.3422,-131.6461,35.58,100,100,4.61,moderate rain
257,Uyskoye,RU,54.3775,60.0047,13.68,93,62,3.47,broken clouds
258,Chato,TZ,-2.6378,31.7669,64.78,90,99,5.37,overcast clouds
259,Ostrovnoy,RU,68.0531,39.5131,31.96,83,77,32.39,broken clouds
260,Adre,TD,13.4667,22.2,65.35,10,4,10.56,clear sky
261,Khromtau,KZ,50.2503,58.4347,3.52,83,2,8.41,clear sky
262,Strezhevoy,RU,60.7333,77.5889,26.64,93,100,14.81,overcast clouds
263,Opportunity,US,47.6499,-117.2399,46.09,58,20,9.22,few clouds
264,Porvoo,FI,60.3923,25.6651,33.53,93,2,6.91,clear sky
265,Alibag,IN,18.6411,72.8792,82.47,60,21,2.8,few clouds
266,Keith,GB,57.5363,-2.9481,41.13,76,0,15.82,clear sky
267,Chinsali,ZM,-10.5414,32.0816,63.86,95,100,5.77,overcast clouds
268,Ucluelet,CA,48.9329,-125.5528,44.1,85,44,1.99,scattered clouds
269,Constitucion,CL,-35.3333,-72.4167,58.21,53,100,8.95,overcast clouds
270,Nelson Bay,AU,-32.7167,152.15,77.09,61,22,4.0,few clouds
271,Luau,AO,-10.7073,22.2247,62.44,98,86,3.29,overcast clouds
272,Hamilton,US,39.1834,-84.5333,42.76,92,100,10.36,light rain
273,Manaure,CO,11.7751,-72.4445,78.24,77,82,16.2,broken clouds
274,Salmas,IR,38.1973,44.7653,30.85,95,92,4.56,light snow
275,Aspindza,GE,41.5739,43.2483,22.44,94,100,3.15,overcast clouds
276,Ahipara,NZ,-35.1667,173.1667,67.44,94,99,16.6,light rain
277,Jiazi,CN,22.8779,116.067,70.02,79,100,16.28,overcast clouds
278,Souillac,MU,-20.5167,57.5167,75.58,94,40,3.44,scattered clouds
279,Vwawa,TZ,-9.1167,32.9333,57.9,96,100,3.49,overcast clouds
280,Hasaki,JP,35.7333,140.8333,55.8,54,99,5.44,overcast clouds
281,San Lorenzo,PY,-25.3333,-57.5333,67.59,72,0,7.0,clear sky
282,Lang Suan,TH,9.9456,99.0785,85.78,65,100,5.53,overcast clouds
283,Svetlyy,RU,54.675,20.1347,32.97,71,2,5.77,clear sky
284,Lufilufi,WS,-13.8745,-171.5986,91.18,68,72,17.9,broken clouds
285,Geraldton,AU,-28.7667,114.6,81.01,57,76,18.41,broken clouds
286,Los Llanos De Aridane,ES,28.6585,-17.9182,55.15,76,20,7.0,few clouds
287,Anadyr,RU,64.75,177.4833,9.1,72,40,6.71,scattered clouds
288,Spirit River,CA,55.7833,-118.8361,36.03,94,92,3.04,overcast clouds
289,Zhigansk,RU,66.7697,123.3711,7.48,90,100,27.96,overcast clouds
290,Doha,QA,25.2867,51.5333,62.58,59,0,6.91,clear sky
291,Saint-Augustin,CA,51.226,-58.6502,7.83,94,95,4.68,overcast clouds
292,Filadelfia,US,39.9523,-75.1638,59.7,93,40,0.0,scattered clouds
293,Okha,RU,53.5739,142.9478,20.55,88,100,19.1,overcast clouds
294,Beira,MZ,-19.8436,34.8389,75.29,83,75,10.36,broken clouds
295,Gloversville,US,43.0528,-74.3438,51.91,94,75,8.05,broken clouds
296,Narsaq,GL,60.9167,-46.05,14.22,79,30,5.57,scattered clouds
297,Oranjestad,AW,12.524,-70.027,78.75,78,20,18.41,few clouds
298,Lorengau,PG,-2.0226,147.2712,86.59,62,55,9.06,broken clouds
299,Aripuana,BR,-9.1667,-60.6333,72.16,99,64,0.47,broken clouds
300,Wenling,CN,28.3669,121.36,53.94,88,100,6.29,overcast clouds
301,Monterey,US,36.2505,-121.2516,45.07,90,87,6.35,overcast clouds
302,Maraa,BR,-1.8333,-65.3667,73.04,100,100,1.68,overcast clouds
303,Abnub,EG,27.2696,31.1511,50.22,61,95,9.98,overcast clouds
304,Gimli,CA,50.6336,-96.9907,35.62,69,100,3.44,overcast clouds
305,Ternate,ID,0.8,127.4,83.25,72,92,0.69,overcast clouds
306,Puerto Escondido,MX,15.85,-97.0667,79.63,83,40,3.44,scattered clouds
307,Pyapon,MM,16.2833,95.6833,91.65,36,80,6.08,broken clouds
308,Portoferraio,IT,42.8115,10.3146,50.16,71,100,5.19,overcast clouds
309,Chingirlau,KZ,51.095,54.0814,1.94,100,100,4.0,overcast clouds
310,Padang,ID,-0.9492,100.3543,84.25,64,97,5.12,moderate rain
311,Poum,NC,-20.2333,164.0167,79.54,82,100,15.73,overcast clouds
312,Knyaze-Volkonskoye,RU,48.4642,135.4567,30.54,84,99,4.41,overcast clouds
313,Sawakin,SD,19.1059,37.3321,72.32,74,96,9.35,overcast clouds
314,Bonthe,SL,7.5264,-12.505,74.86,88,83,3.24,moderate rain
315,Laje,BR,-10.1833,-40.9667,67.64,79,0,3.02,clear sky
316,Bam,IR,29.106,58.357,64.45,12,0,1.92,clear sky
317,Namatanai,PG,-3.6667,152.4333,85.89,59,35,8.84,scattered clouds
318,Ouro Preto Do Oeste,BR,-10.7481,-62.2158,72.5,96,100,1.43,overcast clouds
319,Clyde River,CA,70.4692,-68.5914,-28.97,68,0,4.61,clear sky
320,Limbe,CM,4.0242,9.2149,79.74,83,62,6.02,broken clouds
321,Esperance,AU,-33.8667,121.9,73.24,58,99,8.1,overcast clouds
322,Dingle,PH,10.9995,122.6711,90.16,56,98,13.13,overcast clouds
323,Along,IN,28.1667,94.7667,87.48,27,78,1.77,broken clouds
324,Romhany,HU,47.9262,19.2572,37.35,61,0,4.61,clear sky
325,Gao,ML,16.6362,1.637,79.59,18,3,9.48,clear sky
326,Davydivka,UA,48.121,25.5646,25.43,67,0,3.58,clear sky
327,Acarau,BR,-2.8856,-40.12,77.61,82,38,5.32,scattered clouds
328,Nanortalik,GL,60.1432,-45.2371,13.69,88,80,9.13,broken clouds
329,Manicore,BR,-5.8092,-61.3003,73.56,98,100,2.21,overcast clouds
330,College,US,64.8569,-147.8028,21.58,62,75,5.75,broken clouds
331,Pevek,RU,69.7008,170.3133,0.5,76,24,13.49,few clouds
332,Gazanjyk,TM,39.2446,55.5154,42.28,44,100,17.58,overcast clouds
333,Rokupr,SL,8.6717,-12.395,72.81,79,78,2.62,broken clouds
334,Yoichi,JP,43.2039,140.7703,35.24,71,100,16.35,light snow
335,Ilhabela,BR,-23.7781,-45.3581,75.96,92,100,4.23,moderate rain
336,Aitape,PG,-3.1374,142.3475,86.61,64,84,7.96,broken clouds
337,Sorong,ID,-0.8833,131.25,84.18,73,92,8.75,overcast clouds
338,Krasnoarmeysk,RU,51.0239,45.6969,11.73,98,72,8.75,broken clouds
339,Tenosique,MX,17.4833,-91.4333,72.37,97,30,6.08,scattered clouds
340,Savannah Bight,HN,16.45,-85.85,80.85,82,100,22.62,overcast clouds
341,Dzilam Gonzalez,MX,21.2833,-88.9333,75.33,81,53,5.46,broken clouds
342,Tiarei,PF,-17.5333,-149.3333,86.02,74,10,16.82,light rain
343,Northport,US,33.229,-87.5772,49.82,74,0,0.0,clear sky
344,Esil,KZ,51.9556,66.4042,0.84,95,37,6.53,scattered clouds
345,Lumsden,CA,50.6501,-104.8678,34.75,87,100,8.23,overcast clouds
346,Ninghai,CN,29.2892,121.4247,50.18,89,100,3.49,overcast clouds
347,Komsomolsk-Na-Amure,RU,50.552,137.0152,25.83,78,99,5.35,overcast clouds
348,Havoysund,NO,70.9963,24.6622,35.96,64,100,28.27,light rain
349,Kungurtug,RU,50.5994,97.5228,11.59,79,99,2.19,overcast clouds
350,Heilbron,ZA,-27.2812,27.9709,57.87,64,76,10.25,broken clouds
351,Raffadali,IT,37.4036,13.5331,45.39,83,100,13.0,overcast clouds
352,Maldaeni,RO,44.1167,24.9333,29.26,60,1,5.84,clear sky
353,Matara,LK,5.9485,80.5353,83.61,73,40,13.94,scattered clouds
354,Shahr-E Kord,IR,32.3256,50.8644,33.57,51,0,4.61,clear sky
355,Byron Bay,AU,-28.65,153.6167,78.94,62,45,14.58,scattered clouds
356,Kulevcha,UA,46.0303,29.9361,27.21,60,10,10.65,clear sky
357,Pisco,PE,-13.7,-76.2167,68.05,94,0,3.44,clear sky
358,Iskateley,RU,67.6803,53.1512,29.37,83,84,27.78,broken clouds
359,Loandjili,CG,-4.7561,11.8578,77.11,100,20,2.3,few clouds
360,San Rafael,AR,-34.6177,-68.3301,64.0,43,82,13.89,broken clouds
361,Progreso,MX,21.2833,-89.6667,80.11,79,14,11.01,few clouds
362,Vaitape,PF,-16.5167,-151.75,82.65,74,23,15.79,light rain
363,Snasa,NO,64.2457,12.3778,28.98,87,100,4.68,overcast clouds
364,Luanda,AO,-8.8368,13.2343,78.8,83,40,4.61,scattered clouds
365,Emerald,AU,-23.5333,148.1667,89.74,25,2,12.66,clear sky
366,Januaria,BR,-15.4833,-44.3667,68.99,55,72,3.36,broken clouds
367,Kapoeta,SS,4.7717,33.5903,83.03,35,53,11.72,broken clouds
368,Mirnyy,RU,62.5353,113.9611,17.24,72,100,11.01,overcast clouds
369,Bhabua,IN,25.05,83.6167,98.67,14,3,8.5,clear sky
370,Haines Junction,CA,60.7522,-137.5108,30.15,55,19,2.3,few clouds
371,Meulaboh,ID,4.1363,96.1285,75.2,93,100,3.11,moderate rain
372,Misratah,LY,32.3754,15.0925,57.51,71,51,24.0,broken clouds
373,Pudem,RU,58.3044,52.1675,29.79,93,100,11.65,overcast clouds
374,Edd,ER,13.9297,41.6925,81.54,47,5,13.65,clear sky
375,Erenhot,CN,43.6475,111.9767,30.72,46,44,17.36,scattered clouds
376,San Andres,CO,12.5847,-81.7006,80.62,78,75,10.36,broken clouds
377,Saint George,US,37.1041,-113.5841,66.63,14,0,12.66,clear sky
378,Nipawin,CA,53.3668,-104.0009,23.04,100,0,4.61,clear sky
379,Babu,CN,24.4167,111.5167,81.48,68,41,7.54,scattered clouds
380,Mansfield,GB,53.1333,-1.2,40.3,93,3,5.99,clear sky
381,Conceicao Do Araguaia,BR,-8.2578,-49.2647,72.12,96,16,2.89,few clouds
382,La Union,PE,-5.4,-80.75,74.08,68,100,9.55,overcast clouds
383,Iglesias,IT,39.3114,8.535,51.53,91,100,6.62,overcast clouds
384,Beloha,MG,-25.1667,45.05,67.1,68,9,8.75,clear sky
385,Vilanova Del Cami,ES,41.5717,1.6375,49.82,90,62,3.76,broken clouds
386,Victor Harbor,AU,-35.5667,138.6167,68.0,77,94,9.73,overcast clouds
387,Bako,ET,5.7833,36.5667,69.19,51,70,2.71,broken clouds
388,Severodvinsk,RU,64.5635,39.8302,33.91,93,99,13.71,overcast clouds
389,Vanavara,RU,60.34,102.2797,22.5,90,100,13.13,overcast clouds
390,Hualmay,PE,-11.0964,-77.6139,70.12,81,100,8.12,overcast clouds
391,Roebourne,AU,-20.7833,117.1333,95.36,38,15,5.91,few clouds
392,Kamogawa,JP,35.1,140.1,51.85,54,84,8.01,broken clouds
393,Warwick,US,41.7001,-71.4162,54.48,92,100,6.91,mist
394,Turukhansk,RU,65.8167,87.9833,27.82,97,100,15.59,snow
395,Ler,SS,8.3018,30.1418,79.92,24,76,5.21,broken clouds
396,Carauari,BR,-4.8828,-66.8958,71.53,99,100,1.99,overcast clouds
397,Port Macquarie,AU,-31.4333,152.9167,77.9,58,30,14.94,scattered clouds
398,Henties Bay,NA,-22.116,14.2845,65.97,84,0,5.64,clear sky
399,Margate,GB,51.3813,1.3862,44.69,69,0,5.01,clear sky
400,Coquimbo,CL,-29.9533,-71.3436,60.53,94,100,3.44,overcast clouds
401,Mizdah,LY,31.4451,12.9801,50.67,78,29,21.09,scattered clouds
402,La Ronge,CA,55.1001,-105.2842,28.62,80,0,3.44,clear sky
403,Xining,CN,36.6167,101.7667,42.96,43,93,3.71,overcast clouds
404,Tuy Hoa,VN,13.0833,109.3,80.71,81,100,2.35,overcast clouds
405,Nanchang,CN,28.6833,115.8833,55.83,80,92,9.37,overcast clouds
406,Tashara,RU,55.5195,83.5094,14.76,91,100,14.23,overcast clouds
407,Swan Hill,AU,-35.3378,143.5544,89.78,25,97,8.21,overcast clouds
408,Minuri,PH,16.535,121.8574,87.55,65,83,3.13,broken clouds
409,Springbok,ZA,-29.6643,17.8865,65.97,74,1,12.39,clear sky
410,Caluquembe,AO,-13.7833,14.6833,59.05,83,100,1.95,overcast clouds
411,Bonavista,CA,48.6499,-53.1147,25.92,73,53,14.32,broken clouds
412,Lake City,US,30.1897,-82.6393,67.62,94,75,3.44,broken clouds
413,Namibe,AO,-15.1961,12.1522,73.87,73,80,8.19,broken clouds
414,La Paz,BO,-16.5,-68.15,48.18,93,75,9.22,fog
415,Axim,GH,4.8699,-2.2405,78.75,89,97,5.75,light rain
416,Komsomolskiy,UZ,40.4272,71.7189,38.12,75,100,2.3,overcast clouds
417,Chernyshevskiy,RU,63.0128,112.4714,18.77,90,100,12.44,light snow
418,Shu,KZ,43.5983,73.7614,36.77,65,100,1.61,overcast clouds
419,Necochea,AR,-38.5473,-58.7368,49.6,67,54,9.33,broken clouds
420,Lusambo,CD,-4.9667,23.45,68.16,98,100,1.48,light rain
421,Eyl,SO,7.9803,49.8164,75.43,76,8,8.84,clear sky
422,Burnie,AU,-41.0667,145.9167,68.0,67,97,4.9,overcast clouds
423,San Pedro De Uraba,CO,8.2752,-76.3764,74.95,94,100,4.5,overcast clouds
424,Sangar,RU,63.9242,127.4739,9.25,87,100,12.73,overcast clouds
425,Cayenne,GF,4.9333,-52.3333,77.09,1,100,1.01,light rain
426,Baoro,CF,5.6667,15.9667,72.59,42,97,1.99,overcast clouds
427,Atar,MR,20.5169,-13.0499,67.68,28,3,7.02,clear sky
428,Troyes,FR,48.3333,4.0833,33.85,75,0,2.3,clear sky
429,Sovetskiy,RU,61.3614,63.5842,25.95,89,79,8.08,broken clouds
430,Buritizeiro,BR,-17.3511,-44.9622,69.22,63,58,1.45,broken clouds
431,Krasnoselkup,RU,65.7,82.4667,27.5,96,100,12.91,light snow
432,Jumla,NP,29.2747,82.1838,65.5,23,43,4.94,scattered clouds
433,Loreto,MX,22.2667,-101.9667,55.51,62,47,9.73,scattered clouds
434,Altay,CN,47.8667,88.1167,20.16,67,10,2.48,clear sky
435,Kochki,RU,54.3358,80.4806,8.82,93,89,11.77,overcast clouds
436,Taoudenni,ML,22.6783,-3.9836,70.41,21,1,12.73,clear sky
437,Inhambane,MZ,-23.865,35.3833,74.03,60,99,8.57,overcast clouds
438,Viedma,AR,-40.8135,-62.9967,51.64,65,98,13.18,overcast clouds
439,Hambantota,LK,6.1241,81.1185,84.54,84,20,8.05,few clouds
440,Atambua,ID,-9.1061,124.8925,84.4,63,69,3.53,broken clouds
441,Sudova Vyshnya,UA,49.7889,23.3722,29.57,55,0,5.44,clear sky
442,Cantaura,VE,9.3057,-64.3584,75.81,72,99,12.8,overcast clouds
443,Buchanan,LR,5.8808,-10.0467,78.04,86,100,2.59,light rain
444,Malandag,PH,6.3094,125.2428,89.92,54,47,11.01,scattered clouds
445,Kedrovyy,RU,56.1667,91.8167,21.87,84,100,13.24,overcast clouds
446,Narasannapeta,IN,18.4167,84.05,85.55,54,25,7.05,scattered clouds
447,Beyneu,KZ,45.3167,55.2,25.79,48,1,9.89,clear sky
448,Altamira,BR,-3.2033,-52.2064,71.08,99,82,2.28,broken clouds
449,Luderitz,NA,-26.6481,15.1594,74.79,63,0,6.64,clear sky
450,Ouidah,BJ,6.3631,2.0851,84.06,82,89,12.5,overcast clouds
451,Maniitsoq,GL,65.4167,-52.9,-11.85,91,95,6.13,overcast clouds
452,Sumbe,AO,-11.2061,13.8437,77.74,80,95,3.98,overcast clouds
453,Sao Joao Da Barra,BR,-21.6403,-41.0511,77.25,85,50,12.26,scattered clouds
454,Wexford,IE,52.3342,-6.4575,47.21,74,100,17.96,overcast clouds
455,Aran,AZ,40.6253,46.9756,36.95,87,100,5.75,overcast clouds
456,Dunedin,NZ,-45.8742,170.5036,60.94,71,52,11.83,broken clouds
457,Kaka,TM,37.3482,59.6143,42.3,44,0,12.93,clear sky
458,Tiznit,MA,29.5833,-9.5,53.15,91,59,2.73,broken clouds
459,Shahr-E Babak,IR,30.1165,55.1186,54.73,22,0,1.77,clear sky
460,Naryan-Mar,RU,67.6713,53.087,29.5,83,84,27.83,broken clouds
461,Cedar City,US,37.6775,-113.0619,50.97,24,20,9.22,few clouds
462,Fayaoue,NC,-20.65,166.5333,79.34,88,100,24.49,overcast clouds
463,Shimoda,JP,34.6667,138.95,55.76,67,55,2.35,broken clouds
464,Pekan,MY,3.4836,103.3996,87.91,65,86,4.25,overcast clouds
465,Moose Factory,CA,51.2585,-80.6094,24.8,80,100,3.44,overcast clouds
466,Chor,PK,25.5167,69.7667,86.05,27,0,16.26,clear sky
467,Praia Da Vitoria,PT,38.7333,-27.0667,56.75,94,40,15.75,scattered clouds
468,Rosario Oeste,BR,-14.8361,-56.4275,72.07,98,61,2.42,broken clouds
469,Bodden Town,KY,19.2833,-81.25,80.6,79,20,5.75,few clouds
470,Sudak,UA,44.85,34.9667,30.58,69,31,17.36,scattered clouds
471,Kyzyl-Suu,KG,42.3414,78.0056,31.66,88,100,7.78,overcast clouds
472,Jacksonville Beach,US,30.2947,-81.3931,72.07,87,100,20.71,thunderstorm
473,Schwyz,CH,47.0279,8.6561,35.98,77,1,9.66,clear sky
474,Waingapu,ID,-9.6567,120.2641,81.23,81,94,1.5,overcast clouds
475,Montepuez,MZ,-13.1256,38.9997,69.82,98,100,2.91,overcast clouds
476,Ambilobe,MG,-13.2,49.05,76.55,94,100,0.18,overcast clouds
477,Newberry,US,34.2746,-81.6187,59.22,68,55,11.74,broken clouds
478,Te Anau,NZ,-45.4167,167.7167,68.02,49,62,1.9,broken clouds
479,Padre Bernardo,BR,-15.35,-48.5,70.79,66,76,0.83,broken clouds
480,Bilma,NE,18.6853,12.9164,72.84,5,2,6.69,clear sky
481,Goias,BR,-15.5807,-49.6362,72.88,76,99,2.44,overcast clouds
482,Sao Sebastiao,BR,-23.76,-45.4097,75.69,94,100,3.74,heavy intensity rain
483,Narrabri,AU,-30.3167,149.7833,86.52,21,0,9.22,clear sky
484,Aguimes,ES,27.9054,-15.4461,59.63,59,75,14.97,broken clouds
485,Edson,CA,53.5835,-116.4356,39.31,56,40,4.61,scattered clouds
486,Curup,ID,-3.4667,102.5333,83.61,52,96,4.79,overcast clouds
487,Filotion,GR,37.05,25.5,40.55,53,65,18.99,broken clouds
488,Batemans Bay,AU,-35.7167,150.1833,75.09,62,2,5.82,clear sky
489,Kununurra,AU,-15.7667,128.7333,94.98,52,97,3.44,overcast clouds
490,Nhulunbuy,AU,-12.2333,136.7667,90.21,70,40,12.66,scattered clouds
491,Krasnyy Yar,RU,46.5331,48.3456,19.33,62,19,7.27,few clouds
492,Vinkovci,HR,45.2883,18.8047,32.25,63,0,9.22,clear sky
493,Riyadh,SA,24.6877,46.7219,60.94,15,0,7.87,clear sky
494,Banjar,ID,-8.19,114.9675,86.14,72,95,3.87,overcast clouds
495,Broken Hill,AU,-31.95,141.4333,89.31,25,16,5.75,few clouds
496,Ballina,AU,-28.8667,153.5667,79.02,64,34,14.97,scattered clouds
497,Santa Fe,AR,-31.6333,-60.7,55.9,80,54,5.84,light rain
498,Shima,CN,24.4478,117.8111,73.42,59,62,7.05,broken clouds
499,Terrace Bay,CA,48.7834,-87.1,25.45,97,82,4.47,broken clouds
500,Jiquinlaca,HN,14.0,-88.35,73.44,70,76,4.94,broken clouds
501,Flin Flon,CA,54.7682,-101.865,27.82,98,93,3.76,overcast clouds
502,Yurkivka,UA,49.0126,31.1013,27.61,65,13,6.4,few clouds
503,Tobol,KZ,52.6844,62.5794,5.16,96,15,9.22,few clouds
504,Vao,NC,-22.6667,167.4833,77.4,75,100,9.06,overcast clouds
505,Merauke,ID,-8.4667,140.3333,87.53,66,96,5.23,overcast clouds
506,Alegrete,BR,-29.7831,-55.7919,54.99,67,0,11.74,clear sky
507,Amahai,ID,-3.3333,128.9167,83.79,72,99,0.6,overcast clouds
508,Yamada,JP,39.4667,141.95,43.25,75,54,7.34,broken clouds
509,Ixtapa,MX,20.7,-105.2,70.23,87,99,2.55,overcast clouds
510,Puri,IN,19.8,85.85,84.72,62,17,12.21,few clouds
511,Norrtalje,SE,59.758,18.705,34.02,76,37,5.44,scattered clouds
512,Zhangjiakou,CN,40.81,114.8794,32.81,64,4,7.45,clear sky
513,Abalak,RU,58.1286,68.5944,27.52,96,100,10.45,light snow
514,Dudinka,RU,69.4058,86.1778,18.63,94,100,14.65,light snow
515,Chumikan,RU,54.7183,135.315,19.6,75,81,15.12,broken clouds
516,Zhoucheng,CN,35.9122,116.3117,47.64,36,100,5.26,overcast clouds
517,Petropavlovsk-Kamchatskiy,RU,53.0452,158.6483,36.19,75,75,8.95,light rain
518,Lebane,RS,42.9239,21.7375,25.39,61,0,1.66,clear sky
519,Porosozero,RU,62.7191,32.727,31.77,92,6,9.84,clear sky
520,Port Moresby,PG,-9.4431,147.1797,89.02,66,40,13.8,haze
521,Oyama,JP,36.3,139.8,58.59,27,4,3.8,clear sky
522,Lazaro Cardenas,MX,17.9583,-102.2,72.27,71,64,3.36,broken clouds
523,Pandamatenga,BW,-18.5278,25.627,61.74,97,35,5.82,scattered clouds
524,Kavaratti,IN,10.5669,72.642,82.99,66,83,11.5,broken clouds
525,Ilo,PE,-17.6394,-71.3375,69.66,85,66,7.92,broken clouds
526,Pangody,RU,65.85,74.4859,17.87,94,26,11.25,scattered clouds
527,Saint-Pierre,RE,-21.3393,55.4781,77.18,95,100,9.22,light intensity drizzle rain
528,Cuiluan,CN,47.72,128.648,28.27,51,99,1.9,overcast clouds
529,Mareeba,AU,-17.0,145.4333,83.12,65,92,5.26,overcast clouds
530,Darhan,MN,49.4867,105.9228,19.45,68,99,2.24,overcast clouds
531,Deputatskiy,RU,69.3,139.9,4.21,85,80,2.3,broken clouds
532,Marzuq,YE,14.4,46.4667,68.14,48,6,2.53,clear sky
533,Bosaso,SO,11.2842,49.1816,77.92,58,13,5.95,few clouds
534,Tommot,RU,58.9564,126.2925,16.72,64,59,4.34,broken clouds
535,Zaragoza,ES,41.6561,-0.8773,53.02,80,20,4.61,few clouds
536,Puerto Carreno,CO,6.189,-67.4859,79.63,70,97,5.61,overcast clouds
537,Wajir,KE,1.7471,40.0573,76.33,62,10,12.24,clear sky
538,Poronaysk,RU,49.2167,143.1167,30.36,76,100,18.43,overcast clouds
539,Bairiki,KI,1.3292,172.9752,86.0,70,75,13.8,broken clouds
540,Magrath,CA,49.4167,-112.8686,44.31,53,65,10.36,broken clouds
541,Ewa Beach,US,21.3156,-158.0072,82.35,58,0,14.97,clear sky
542,Cuamba,MZ,-14.8031,36.5372,68.18,89,100,6.13,overcast clouds
543,Portsmouth,GB,50.799,-1.0913,44.01,73,0,5.99,clear sky
544,Rojhan,PK,28.6868,69.9534,88.41,25,0,13.78,clear sky
545,Verkhnyaya Inta,RU,65.9811,60.3094,29.26,96,100,21.99,snow
546,Safford,US,32.834,-109.7076,61.72,11,0,6.91,clear sky
547,Mackay,AU,-21.15,149.2,87.67,65,83,18.41,broken clouds
548,Rocha,UY,-34.4833,-54.3333,56.25,68,53,3.67,broken clouds
549,Hukuntsi,BW,-24.0,21.75,63.61,91,99,6.02,overcast clouds
550,La Rioja,ES,42.25,-2.5,40.78,89,21,5.84,few clouds
551,Kapuskasing,CA,49.4169,-82.4331,32.09,69,100,5.75,overcast clouds
552,Khani,GE,41.9563,42.9566,26.17,98,100,1.9,light snow
553,Ulladulla,AU,-35.35,150.4667,82.76,64,1,6.49,clear sky
554,Lakes Entrance,AU,-37.8811,147.981,69.69,65,75,9.06,broken clouds
555,Gamba,GA,-2.65,10.0,77.49,87,78,5.59,broken clouds
556,Petrov Val,RU,50.1434,45.2096,11.34,97,54,7.23,broken clouds
557,Ola,RU,59.5833,151.2833,32.14,72,86,15.08,overcast clouds
558,Siguiri,GN,11.6667,-9.5,80.64,44,83,2.48,broken clouds
559,Male,MV,4.1748,73.5089,84.15,79,75,10.36,broken clouds
560,Lodingen,NO,68.414,15.9951,44.74,94,99,24.79,overcast clouds
561,Liwale,TZ,-9.7667,37.9333,69.64,98,100,3.13,overcast clouds
562,Mossendjo,CG,-2.9506,12.7261,68.58,100,30,1.12,moderate rain
563,Alice Springs,AU,-23.7,133.8833,92.75,15,0,18.41,clear sky
564,Kavieng,PG,-2.5744,150.7967,85.86,67,48,10.8,scattered clouds
565,Boma,GH,7.0805,-2.1697,72.34,92,98,2.82,overcast clouds
566,Mayo,US,38.8876,-76.5119,68.11,77,40,6.91,scattered clouds
567,Lukulu,ZM,-14.3707,23.242,63.21,98,40,4.47,scattered clouds
568,Quatre Cocos,MU,-20.2078,57.7625,83.08,80,37,1.86,scattered clouds
569,Kloulklubed,PW,7.0419,134.2556,84.7,78,81,15.75,broken clouds
570,Moerai,PF,-22.4333,-151.3333,81.0,71,20,6.2,few clouds
571,Tazmalt,DZ,36.3868,4.3989,49.57,91,69,1.79,broken clouds
572,Impruneta,IT,43.687,11.2548,44.1,84,0,3.44,clear sky
573,Tessalit,ML,20.1986,1.0114,69.96,15,0,11.21,clear sky
574,Tucumcari,US,35.1717,-103.725,51.64,30,0,6.91,clear sky
575,Dolinsk,RU,47.35,142.8,31.3,78,100,10.0,overcast clouds
576,Cabra,ES,37.4725,-4.4421,49.19,87,81,3.94,broken clouds
577,Sitrah,BH,26.1547,50.6206,64.4,51,0,6.91,clear sky
578,Chicama,PE,-7.8447,-79.1469,63.14,74,100,5.37,overcast clouds
579,Vestmannaeyjar,IS,63.4427,-20.2734,40.96,95,100,21.18,light rain
580,Juntas,CR,10.2809,-84.9595,74.84,77,99,6.64,overcast clouds
581,Barcelona,ES,41.3888,2.159,55.54,77,20,5.75,few clouds
582,Santa Rosa,PH,14.3122,121.1114,93.18,62,96,11.86,overcast clouds
583,Matadi,CD,-5.8167,13.45,73.67,91,74,1.54,broken clouds
584,Ochakiv,UA,46.6128,31.5498,28.08,65,33,15.84,scattered clouds
585,Duki,PK,30.1541,68.5728,73.51,16,0,5.91,clear sky
586,Daru,PG,-9.0763,143.2092,86.95,65,100,6.78,overcast clouds
587,San Onofre,CO,9.7359,-75.5263,78.78,78,100,4.5,overcast clouds
588,Camacha,PT,33.0833,-16.3333,54.82,72,20,19.57,few clouds
589,Grindavik,IS,63.8424,-22.4338,36.07,87,100,16.11,overcast clouds
590,Port Augusta,AU,-32.5,137.7667,92.25,31,100,3.09,overcast clouds
591,Hay River,CA,60.8156,-115.7999,19.38,86,75,8.05,broken clouds
592,Koppal,IN,15.35,76.15,82.11,56,70,15.21,broken clouds
593,Mto Wa Mbu,TZ,-3.35,35.85,68.74,83,100,0.36,overcast clouds
594,Baijiantan,CN,45.6333,85.1833,34.65,58,97,8.93,overcast clouds
595,Calama,CL,-22.4667,-68.9333,52.29,35,0,8.05,clear sky
596,Trincomalee,LK,8.5711,81.2335,84.51,70,10,14.83,clear sky
597,Polewali,ID,-3.4324,119.3435,82.29,75,100,1.88,overcast clouds
598,Jalu,LY,29.0331,21.5482,51.53,54,57,16.2,broken clouds
599,Kropotkin,RU,45.4375,40.5756,25.99,64,4,15.7,clear sky
600,Belmonte,BR,-15.8631,-38.8828,75.42,84,2,2.04,clear sky
601,Otjimbingwe,NA,-22.35,16.1333,69.44,79,8,8.66,clear sky
602,Chapais,CA,49.7834,-74.8492,29.98,90,100,9.86,overcast clouds
603,Shadrinsk,RU,56.0852,63.6335,30.78,88,100,11.48,overcast clouds
604,Escarcega,MX,18.6089,-90.7454,72.66,96,81,2.8,broken clouds
605,Saint-Francois,FR,46.4154,3.9054,44.04,87,97,3.44,overcast clouds
606,Biltine,TD,14.5333,20.9167,70.14,9,6,9.66,clear sky
607,Mikuni,JP,36.2171,136.1519,46.31,60,81,9.28,broken clouds
608,Norton,ZW,-17.8833,30.7,55.42,86,70,4.56,broken clouds
609,Sovkhoznyy,RU,45.2946,38.1138,26.78,60,20,19.55,few clouds
610,Nokaneng,BW,-19.6667,22.2667,69.28,74,98,5.39,overcast clouds
611,Urengoy,RU,65.9667,78.3667,23.36,93,77,10.8,broken clouds
612,Okato,NZ,-39.2,173.8833,70.92,62,100,16.71,light rain
613,Connersville,US,39.6412,-85.1411,41.7,92,100,8.99,light rain
614,Palmer,US,42.1584,-72.3287,54.25,87,100,4.61,overcast clouds
615,Shakhovskaya,RU,56.0283,35.5097,26.4,96,28,6.91,scattered clouds
616,Lugovoy,KZ,42.9472,72.7644,35.51,82,100,5.75,overcast clouds
617,Pouembout,NC,-21.1333,164.9,78.73,83,100,5.17,overcast clouds
618,Chai Badan,TH,15.2,101.1333,95.4,40,31,1.77,scattered clouds
619,Caxito,AO,-8.5785,13.6643,71.64,96,76,1.79,light rain
620,Rio Grande,BR,-32.035,-52.0986,56.95,62,66,16.13,broken clouds
621,Adrar,MR,20.5022,-10.0711,66.45,24,38,8.46,scattered clouds
622,Moron,AR,-34.6534,-58.6198,62.35,74,83,1.41,broken clouds
623,Nisia Floresta,BR,-6.0911,-35.2086,77.38,85,96,4.76,light rain
624,Mangai,CD,-4.05,19.5333,68.5,99,56,1.3,moderate rain
625,Bom Jesus,BR,-9.0744,-44.3586,75.16,69,57,0.36,broken clouds
626,Makakilo City,US,21.3469,-158.0858,80.92,59,0,14.97,clear sky
627,Aden,YE,12.7794,45.0367,77.59,71,0,8.48,clear sky
628,Praia,CV,14.9215,-23.5087,68.54,68,40,17.27,scattered clouds
629,Suluq,LY,31.6682,20.2521,47.48,68,54,27.56,broken clouds
630,Manzhouli,CN,49.6,117.4333,17.64,70,34,12.88,scattered clouds
631,Mount Isa,AU,-20.7333,139.5,100.17,16,40,6.91,scattered clouds
632,Saint Peter,BB,13.25,-59.6167,75.76,73,5,20.58,clear sky
633,Chateauroux,FR,46.8167,1.7,39.2,93,54,1.14,broken clouds
634,Colares,PT,38.7992,-9.4469,59.76,67,100,7.0,overcast clouds
635,Praya,CV,14.9215,-23.5087,68.54,68,40,17.27,scattered clouds
636,Dukat,RU,62.55,155.55,15.53,87,82,3.8,broken clouds
637,Vila Real,PT,41.3006,-7.7441,53.13,64,100,3.65,overcast clouds
638,Asahikawa,JP,43.7678,142.3703,33.01,59,75,10.36,light snow
639,Senanga,ZM,-16.1167,23.2667,64.06,98,55,4.41,broken clouds
640,Bauru,BR,-22.3147,-49.0606,70.83,91,95,4.0,overcast clouds
641,Rivers,CA,50.0308,-100.2403,32.95,95,75,6.02,broken clouds
642,Yumen,CN,40.2833,97.2,39.51,31,100,20.96,overcast clouds
643,Slave Lake,CA,55.2834,-114.769,40.98,48,0,4.61,clear sky
644,Saint-Chamond,FR,45.4737,4.5254,44.22,70,0,3.44,clear sky
645,Mugur-Aksy,RU,50.35,90.5,10.44,69,19,0.96,few clouds
646,Hovd,MN,48.0056,91.6419,22.95,48,97,3.0,overcast clouds
647,Mayskiy,RU,47.6931,40.1025,22.41,69,64,11.14,broken clouds
648,Am Timan,TD,11.0297,20.2827,75.06,13,21,5.32,few clouds
649,Half Moon Bay,US,37.4636,-122.4286,54.34,88,100,17.27,mist
650,Oranjemund,NA,-28.55,16.4333,72.05,67,0,1.23,clear sky
651,Aswan,EG,24.0934,32.907,58.3,28,0,8.05,clear sky
652,Novikovo,RU,51.1537,37.8879,11.53,100,100,5.06,overcast clouds
653,Beisfjord,NO,68.3751,17.5988,44.65,96,92,7.9,overcast clouds
654,Quelimane,MZ,-17.8786,36.8883,73.35,94,75,5.99,broken clouds
655,Halol,IN,22.5,73.4667,81.64,26,4,6.11,clear sky
656,Lisakovsk,KZ,52.5369,62.4936,5.18,96,10,9.28,clear sky
657,Sept-Iles,CA,50.2001,-66.3821,26.06,65,100,12.66,overcast clouds
658,Palmas,BR,-10.2128,-48.3603,78.67,89,75,2.3,moderate rain
659,Mackenzie,CA,55.2999,-123.1698,30.42,100,75,2.3,broken clouds
660,Ponta Delgada,PT,37.7333,-25.6667,56.12,58,75,4.61,broken clouds
661,Borger,NL,52.9233,6.7931,38.03,81,0,15.64,clear sky
662,Eureka,US,40.8021,-124.1637,48.74,77,10,10.0,clear sky
663,Kamenka,RU,51.3223,42.7678,14.77,96,17,6.44,few clouds
664,Tahta,EG,26.7693,31.5021,55.69,53,95,8.7,overcast clouds
665,Asau,RO,46.4333,26.4,14.92,67,1,4.68,clear sky
666,Rondonopolis,BR,-16.4708,-54.6356,72.93,92,23,1.48,few clouds
667,Samokov,BG,42.3333,23.55,16.45,84,11,3.56,few clouds
668,La Peca,PE,-5.6111,-78.435,65.91,96,100,0.98,overcast clouds
669,Notodden,NO,59.5594,9.2585,35.96,92,14,2.39,few clouds
670,Namalenga,TZ,-10.95,39.1,71.46,98,100,1.52,overcast clouds
671,Hirara,JP,24.8,125.2833,75.06,68,20,13.8,few clouds
672,Durban,ZA,-29.8579,31.0292,70.02,86,99,1.99,overcast clouds
673,Abu Kamal,SY,34.4506,40.9171,39.76,40,55,12.73,broken clouds
674,Alofi,NU,-19.0595,-169.9187,85.89,62,91,8.05,overcast clouds
675,Yulara,AU,-25.2406,130.9889,96.64,16,0,14.97,clear sky
676,Konakovo,RU,56.7,36.7667,25.79,97,55,6.49,broken clouds
677,Digha,IN,21.6833,87.55,84.52,52,68,11.36,broken clouds
678,Watrous,CA,51.6668,-105.4679,28.18,93,100,3.44,overcast clouds
679,Chaykovskaya,RU,58.1279,55.5378,24.69,93,100,8.14,overcast clouds
680,Mehamn,NO,71.0357,27.8492,34.38,68,100,29.77,overcast clouds
681,Khor,RU,47.8861,134.9464,21.24,89,100,6.93,overcast clouds
682,Kalush,UA,49.0119,24.3731,27.03,58,0,2.17,clear sky
683,Kholodnyy,RU,62.7167,147.95,8.28,81,98,2.59,overcast clouds
684,Glace Bay,CA,46.1969,-59.957,30.27,78,100,6.91,overcast clouds
685,San Vicente,AR,-26.6167,-54.1333,57.76,93,13,4.59,few clouds
686,Aguai,BR,-22.0594,-46.9786,67.37,96,99,3.69,overcast clouds
687,Butwal,NP,27.7006,83.4484,91.13,18,4,4.47,clear sky
688,Vagay,RU,57.9375,69.0217,26.85,95,100,9.98,overcast clouds
689,Alma,CA,48.5501,-71.6491,32.11,93,100,19.57,snow
690,Filiates,GR,39.6011,20.3119,42.66,62,29,7.65,scattered clouds
691,Terney,RU,45.0503,136.6092,35.76,52,30,3.67,scattered clouds
692,Saint-Joseph,RE,-21.3667,55.6167,76.1,90,90,12.15,light rain
693,Jonava,LT,55.0833,24.2833,24.85,86,1,0.0,mist
694,Elizabeth City,US,36.2946,-76.2511,71.62,81,0,12.66,clear sky
695,Balezino,RU,57.9796,53.0106,29.84,94,100,11.1,light snow
696,Wuwei,CN,37.9281,102.6414,44.51,28,100,5.39,overcast clouds
697,Barra Patuca,HN,15.8,-84.2833,78.76,79,100,10.54,overcast clouds
698,Mitsamiouli,KM,-11.3847,43.2844,80.89,83,40,4.61,light rain
699,Lerici,IT,44.0759,9.9112,47.86,55,2,8.16,clear sky
700,Askiz,RU,53.1319,90.5264,24.62,50,17,12.15,few clouds
